Group ID,Total Count,Item Name,Item Price,Photo Url
8,20,Nike All Star Sneaker,25000,your photo url here
1,2,Muscle 2021 Model,1700000,
1,10,Philips Iron,10000,
8,20,Nike All Star Sneaker,25000,
7,2,Muscle 2021 Model,1700000,
1,10,Philips Iron,10000,
8,20,Nike All Star Sneaker,25000,
1,2,Muscle 2021 Model,1700000,
6,10,Philips Iron,10000,
7,20,Nike All Star Sneaker,25000,
8,2,Muscle 2021 Model,1700000,
1,10,Philips Iron,10000,
6,20,Nike All Star Sneaker,25000,
8,2,Muscle 2021 Model,1700000,
6,10,Philips Iron,10000,
1,20,Nike All Star Sneaker,25000,
7,2,Muscle 2021 Model,1700000,
